order_day,count,mean,median,max,p95
Monday,2256,19.027072727275414,15.83406075,642.6697982833334,28.737348833333336
Tuesday,1582,19.2569201947008,15.811131325,375.9363659,29.397538738333317
Wednesday,2259,21.715531989774238,15.83113135,5867.434752916667,26.442186386666663
Thursday,2280,18.485931850950294,15.789883249999999,301.6093366833333,26.53424156083329
Friday,2223,22.096957893049932,15.754901166666667,7299.831374933333,26.331713405000006
Saturday,2209,18.698583054662745,15.782714933333333,758.9751596499999,26.935257296666663
Sunday,2191,23.9485610804199,15.778220216666666,4485.891209866666,26.517666925
