Batch,count,mean,median,std,min,max
AI_ELITE_7,53,5.056603773584905,5.0,1.4466818046245133,2,7
AI_ELITE_6,48,4.229166666666667,4.0,1.6404408246842614,0,7
AI_ELITE_4,48,3.7916666666666665,4.0,1.4433756729740643,0,7
